breeder,reg_no,tag_no,name,dor,dob,status,sex,dod,mother,mother_notes,father,father_notes,desc,breed
Test0,ABCD145879,TAG78965,Test Pedigree Name,01-02-2020,01-02-2020,id_status_0,id_sex_0,05-09-2020,no_mom,no notes,no father ,no notes,"Lorem Ipsum is simply dummy text of the printing and typesetting industry. Lorem Ipsum has been the industry's standard dummy text ever since the 1500s, when an unknown printer took a galley of type and scrambled it to make a type specimen book. It has survived not only five centuries, but also the leap into electronic typesetting, remaining essentially unchanged. It was popularised in the 1960s with the release of Letraset sheets containing Lorem Ipsum passages, and more recently with desktop publishing software like Aldus PageMaker including versions of Lorem Ipsum.",Test Breed
Test1,ABCD1ADA79,TAG78565,Test Pedigree HE,02-02-2020,02-02-2020,id_status_1,id_sex_1,06-09-2020,no_mom,no notes,no father ,no notes,"Lorem Ipsum is simply dummy text of the printing and typesetting industry. Lorem Ipsum has been the industry's standard dummy text ever since the 1500s, when an unknown printer took a galley of type and scrambled it to make a type specimen book. It has survived not only five centuries, but also the leap into electronic typesetting, remaining essentially unchanged. It was popularised in the 1960s with the release of Letraset sheets containing Lorem Ipsum passages, and more recently with desktop publishing software like Aldus PageMaker including versions of Lorem Ipsum.",Test Breed
Test2,ABCD1ADA80,TAG78566,Test Pedigree SHE,03-02-2020,03-02-2020,id_status_2,id_sex_2,07-09-2020,no_mom,no notes,no father ,no notes,"Lorem Ipsum is simply dummy text of the printing and typesetting industry. Lorem Ipsum has been the industry's standard dummy text ever since the 1500s, when an unknown printer took a galley of type and scrambled it to make a type specimen book. It has survived not only five centuries, but also the leap into electronic typesetting, remaining essentially unchanged. It was popularised in the 1960s with the release of Letraset sheets containing Lorem Ipsum passages, and more recently with desktop publishing software like Aldus PageMaker including versions of Lorem Ipsum.",Test Breed
Test3,ABCD1ADA81,TAG78567,Test Pedigree Hello,04-02-2020,04-02-2020,id_status_0,id_sex_0,08-09-2020,no_mom,no notes,no father ,no notes,"Lorem Ipsum is simply dummy text of the printing and typesetting industry. Lorem Ipsum has been the industry's standard dummy text ever since the 1500s, when an unknown printer took a galley of type and scrambled it to make a type specimen book. It has survived not only five centuries, but also the leap into electronic typesetting, remaining essentially unchanged. It was popularised in the 1960s with the release of Letraset sheets containing Lorem Ipsum passages, and more recently with desktop publishing software like Aldus PageMaker including versions of Lorem Ipsum.",Test Breed
Test4,ABCD1ADA82,TAG78568,Test Pedigree Wow,05-02-2020,05-02-2020,id_status_1,id_sex_1,09-09-2020,no_mom,no notes,no father ,no notes,"Lorem Ipsum is simply dummy text of the printing and typesetting industry. Lorem Ipsum has been the industry's standard dummy text ever since the 1500s, when an unknown printer took a galley of type and scrambled it to make a type specimen book. It has survived not only five centuries, but also the leap into electronic typesetting, remaining essentially unchanged. It was popularised in the 1960s with the release of Letraset sheets containing Lorem Ipsum passages, and more recently with desktop publishing software like Aldus PageMaker including versions of Lorem Ipsum.",Test Breed
Test5,ABCD1ADA83,TAG78569,Test Pedigree Go,06-02-2020,06-02-2020,id_status_2,id_sex_2,10-09-2020,no_mom,no notes,no father ,no notes,"Lorem Ipsum is simply dummy text of the printing and typesetting industry. Lorem Ipsum has been the industry's standard dummy text ever since the 1500s, when an unknown printer took a galley of type and scrambled it to make a type specimen book. It has survived not only five centuries, but also the leap into electronic typesetting, remaining essentially unchanged. It was popularised in the 1960s with the release of Letraset sheets containing Lorem Ipsum passages, and more recently with desktop publishing software like Aldus PageMaker including versions of Lorem Ipsum.",Test Breed
Test6,ABCD1ADA84,TAG78570,Test Pedigree Hello,07-02-2020,07-02-2020,id_status_0,id_sex_0,11-09-2020,no_mom,no notes,no father ,no notes,"Lorem Ipsum is simply dummy text of the printing and typesetting industry. Lorem Ipsum has been the industry's standard dummy text ever since the 1500s, when an unknown printer took a galley of type and scrambled it to make a type specimen book. It has survived not only five centuries, but also the leap into electronic typesetting, remaining essentially unchanged. It was popularised in the 1960s with the release of Letraset sheets containing Lorem Ipsum passages, and more recently with desktop publishing software like Aldus PageMaker including versions of Lorem Ipsum.",Test Breed
Test7,ABCD1ADA85,TAG78571,Test Pedigree Great,08-02-2020,08-02-2020,id_status_1,id_sex_1,12-09-2020,no_mom,no notes,no father ,no notes,"Lorem Ipsum is simply dummy text of the printing and typesetting industry. Lorem Ipsum has been the industry's standard dummy text ever since the 1500s, when an unknown printer took a galley of type and scrambled it to make a type specimen book. It has survived not only five centuries, but also the leap into electronic typesetting, remaining essentially unchanged. It was popularised in the 1960s with the release of Letraset sheets containing Lorem Ipsum passages, and more recently with desktop publishing software like Aldus PageMaker including versions of Lorem Ipsum.",Test Breed
Test8,ABCD1ADA86,TAG78572,Test Pedigree Wow,09-02-2020,09-02-2020,id_status_2,id_sex_2,13-09-2020,no_mom,no notes,no father ,no notes,"Lorem Ipsum is simply dummy text of the printing and typesetting industry. Lorem Ipsum has been the industry's standard dummy text ever since the 1500s, when an unknown printer took a galley of type and scrambled it to make a type specimen book. It has survived not only five centuries, but also the leap into electronic typesetting, remaining essentially unchanged. It was popularised in the 1960s with the release of Letraset sheets containing Lorem Ipsum passages, and more recently with desktop publishing software like Aldus PageMaker including versions of Lorem Ipsum.",Test Breed
Test9,ABCD1ADA87,TAG78573,Test Pedigree No Name,10-02-2020,10-02-2020,id_status_0,id_sex_0,14-09-2020,no_mom,no notes,no father ,no notes,"Lorem Ipsum is simply dummy text of the printing and typesetting industry. Lorem Ipsum has been the industry's standard dummy text ever since the 1500s, when an unknown printer took a galley of type and scrambled it to make a type specimen book. It has survived not only five centuries, but also the leap into electronic typesetting, remaining essentially unchanged. It was popularised in the 1960s with the release of Letraset sheets containing Lorem Ipsum passages, and more recently with desktop publishing software like Aldus PageMaker including versions of Lorem Ipsum.",Test Breed
Test10,ABCD1ADA88,TAG78574,Test Pedigree Good,11-02-2020,11-02-2020,id_status_1,id_sex_1,15-09-2020,no_mom,no notes,no father ,no notes,"Lorem Ipsum is simply dummy text of the printing and typesetting industry. Lorem Ipsum has been the industry's standard dummy text ever since the 1500s, when an unknown printer took a galley of type and scrambled it to make a type specimen book. It has survived not only five centuries, but also the leap into electronic typesetting, remaining essentially unchanged. It was popularised in the 1960s with the release of Letraset sheets containing Lorem Ipsum passages, and more recently with desktop publishing software like Aldus PageMaker including versions of Lorem Ipsum.",Test Breed
Test11,ABCD1ADA89,TAG78575,Test Pedigree Name,12-02-2020,12-02-2020,id_status_2,id_sex_2,16-09-2020,no_mom,no notes,no father ,no notes,"Lorem Ipsum is simply dummy text of the printing and typesetting industry. Lorem Ipsum has been the industry's standard dummy text ever since the 1500s, when an unknown printer took a galley of type and scrambled it to make a type specimen book. It has survived not only five centuries, but also the leap into electronic typesetting, remaining essentially unchanged. It was popularised in the 1960s with the release of Letraset sheets containing Lorem Ipsum passages, and more recently with desktop publishing software like Aldus PageMaker including versions of Lorem Ipsum.",Test Breed
